23,14,5,33,1,20,2,3,2,2,1,1,1,2,2,2,1,1,1,234,36,9,2007,7,-1,-1,1303,1524,1656,9000000
21,5,3,28,1,10,3,2,2,2,1,1,2,2,2,2,2,2,2,775,37,9,1998,7,6,10,1636,1539,1402,90000000
21,6,4,28,1,10,3,4,2,2,1,1,2,2,2,1,1,2,1,33,37,9,2008,7,10,18,1373,1510,1691,24000000
22,13,4,28,1,20,2,3,2,3,2,2,3,2,3,1,1,1,1,590,37,9,2010,1,14,19,1382,57,1109,60000000
21,7,3,28,1,10,3,4,2,2,1,1,2,1,7,1,1,2,1,488,37,9,2003,3,10,18,98,385,1827,35000000
20,12,5,30,1,10,3,3,1,3,1,1,7,1,1,3,1,1,1,161,37,9,2003,10,-1,-1,482,1190,393,-1
21,15,3,28,1,10,3,3,1,2,1,5,1,7,5,1,1,2,2,195,37,9,1971,1,8,21,384,93,715,4000000
15,11,4,30,1,10,3,3,1,3,1,1,2,2,2,1,1,2,1,346,37,9,2010,7,18,18,862,61,1378,20000000
23,18,4,33,1,20,2,2,2,2,1,2,1,2,7,2,1,1,1,750,37,9,2010,1,3,21,1803,251,1376,82000000
26,17,5,-1,2,3,5,4,1,3,1,1,2,2,2,2,1,1,1,408,36,9,2010,1,7,8,190,558,1657,8000000
26,18,4,-1,2,3,5,4,1,3,1,2,2,2,2,2,1,1,1,750,37,9,2010,1,3,21,1803,251,1376,82000000
26,16,1,-1,2,3,5,3,1,3,1,1,2,7,7,2,1,1,1,618,37,9,2010,1,17,21,98,1181,328,110000000
27,19,2,25,1,10,3,2,1,2,1,1,2,7,7,2,1,2,1,670,20,14,2005,7,10,18,1635,869,1440,35000000
28,19,2,26,2,10,3,2,1,2,3,1,2,7,7,2,1,2,1,670,20,14,2005,7,10,18,1635,869,1440,35000000
29,20,3,30,1,20,2,4,1,3,1,5,1,7,7,1,1,1,1,681,13,9,2010,10,17,21,595,1542,1474,45000000
30,21,4,29,1,10,3,4,1,3,3,1,3,4,1,3,1,1,1,446,11,9,2009,10,14,-1,1958,316,1798,11000000
30,22,1,29,1,10,3,4,1,2,2,2,3,7,7,1,1,1,1,751,21,15,1991,18,-1,-1,379,739,1669,-1
31,3,3,30,2,20,2,2,1,2,1,2,1,7,7,3,2,1,1,246,37,9,2010,7,10,18,74,334,1910,30000000
31,9,4,30,2,20,2,4,2,2,1,2,1,1,2,1,1,2,1,571,37,9,1993,1,6,10,1877,931,701,33000000
33,5,3,26,2,10,3,2,2,2,1,1,2,7,7,1,1,2,2,775,37,9,1998,7,6,10,1636,1539,1402,90000000
33,6,4,26,2,10,3,3,2,2,1,1,2,2,2,1,1,2,1,33,37,9,2008,7,10,18,1373,1510,1691,24000000
34,4,4,26,1,20,2,3,1,2,1,3,5,4,7,1,2,2,1,438,37,9,2006,1,3,10,817,1763,1652,28000000
35,23,1,30,1,10,3,3,1,3,1,1,1,6,6,2,2,1,1,410,37,9,2010,1,7,-1,1954,1122,1665,10000000
35,24,3,30,1,10,3,4,1,3,1,1,1,2,4,1,2,1,1,808,37,9,2006,1,3,10,1126,1003,788,160000000
35,25,4,30,1,10,3,3,2,2,1,1,5,2,2,1,1,2,2,632,37,9,1990,1,8,21,251,1969,133,70000000
25,48,2,27,1,20,2,2,2,2,1,5,2,7,5,2,1,1,1,634,13,10,2010,1,8,21,869,1041,1600,20000000
41,49,4,27,1,20,2,3,1,2,2,1,2,7,7,1,1,1,1,546,37,9,2010,7,18,-1,513,1037,311,32000000
42,17,4,28,1,20,2,3,1,3,3,5,2,2,2,3,1,2,1,408,36,9,2010,1,7,8,190,558,1657,8000000
42,50,3,28,1,20,2,4,2,3,1,5,2,7,2,2,1,1,1,424,26,21,1984,3,7,19,1468,162,1901,-1
42,51,4,28,1,20,2,4,1,3,1,5,1,2,5,3,1,1,2,313,37,9,2005,1,19,21,749,1416,1778,54000000
42,52,1,28,1,20,2,3,2,2,1,1,2,7,7,1,1,1,1,416,37,9,2005,1,3,19,1420,676,28,39000000
42,53,4,28,1,20,2,3,1,2,3,1,2,2,4,1,1,2,1,527,37,9,2010,7,10,18,1344,1545,870,18000000
42,54,5,28,1,20,2,3,2,2,3,1,2,1,4,2,1,1,1,560,11,9,2009,1,3,-1,1233,835,644,10000000
42,55,3,28,1,20,2,2,1,2,3,1,2,2,2,1,1,1,1,434,37,9,2009,7,-1,-1,863,1099,1785,-1
42,39,4,28,1,20,2,4,2,2,3,1,2,7,4,2,1,1,1,756,36,9,2009,3,12,17,719,368,1914,18000000
42,58,3,28,1,20,2,3,3,2,3,1,2,2,7,1,1,2,1,355,36,9,2010,10,14,21,175,121,558,150000000
42,57,5,28,1,20,2,3,3,2,3,1,2,2,2,1,1,1,2,588,37,9,1997,10,-1,-1,1267,257,1022,15000000
42,56,1,28,1,20,2,4,1,2,3,1,2,7,6,1,1,1,1,313,37,9,2009,1,8,10,1564,1414,170,40000000
42,34,5,28,1,20,2,3,1,2,3,2,2,2,2,2,1,1,2,786,37,9,1991,1,7,8,251,416,429,-1
42,63,4,28,1,20,2,3,3,2,3,1,2,1,2,2,1,1,1,321,37,9,2007,9,15,-1,600,1815,969,-1
42,18,4,28,1,20,2,3,2,2,3,1,2,2,2,1,1,2,1,750,37,9,2010,1,3,21,1803,251,1376,82000000
42,62,3,28,1,20,2,3,3,2,3,1,2,7,7,1,1,1,1,19,37,9,2010,1,3,10,476,645,1380,80000000
42,61,1,28,1,20,2,4,1,2,3,2,2,5,6,2,1,2,1,792,7,9,2009,10,19,21,20,1697,469,30000000
25,59,2,27,1,20,2,4,1,2,1,1,1,2,2,3,1,1,1,450,13,10,2009,8,10,21,869,647,1905,-1
25,60,3,27,1,20,2,4,1,2,1,1,2,1,4,3,1,1,1,212,7,10,2004,8,10,-1,1370,867,362,-1
21,64,3,28,1,10,3,3,1,3,1,1,2,2,7,1,2,2,1,343,37,9,2001,7,8,18,1439,166,1924,13000000
33,64,3,26,2,10,3,3,1,3,1,1,2,7,2,2,2,2,1,343,37,9,2001,7,8,18,1439,166,1924,13000000
35,65,3,30,1,10,3,3,1,3,1,1,1,2,7,1,1,1,1,556,37,9,2010,7,-1,-1,979,1658,542,40000000
41,66,2,27,1,20,2,2,1,3,1,1,2,4,4,1,1,1,1,666,37,9,2010,1,3,8,437,1795,1374,20000000
43,67,4,25,2,3,5,4,1,3,1,5,3,7,2,1,1,2,1,497,36,9,2010,1,8,21,6,366,1437,28000000
27,38,4,25,1,10,3,1,2,3,1,2,1,4,2,1,1,1,1,65,36,9,2010,9,7,-1,1833,154,1738,-1
45,68,4,25,1,6,3,4,2,3,1,2,1,2,2,1,1,1,1,9,37,9,2010,1,7,8,1953,1267,589,100000000
33,70,4,26,2,10,3,3,2,3,1,2,1,1,1,2,2,2,1,421,37,9,1996,6,10,-1,884,447,175,3300000
33,71,2,26,2,10,3,4,2,3,1,2,1,7,7,2,2,2,1,336,7,9,2002,7,18,10,541,626,1243,-1
33,72,4,26,2,10,3,1,2,3,1,2,1,7,7,2,2,2,2,718,37,9,1999,7,10,12,951,263,295,13000000
33,73,3,26,2,10,3,3,2,3,1,2,1,7,7,2,2,2,1,46,37,9,2005,7,18,-1,1957,589,1100,70000000
21,54,4,28,1,10,3,2,2,3,1,2,1,1,7,3,1,1,1,560,11,9,2009,1,3,-1,1233,835,644,10000000
47,75,3,28,2,20,5,3,2,3,1,2,2,6,6,2,1,1,2,491,37,9,2000,8,10,21,349,1958,1584,7000000
35,80,3,30,1,10,3,3,2,3,1,5,1,2,4,3,1,2,1,230,37,9,2006,7,10,12,16,1052,370,82500000
21,74,5,28,1,10,3,3,2,3,1,5,1,2,7,2,1,2,1,650,36,9,2005,1,3,13,1478,587,902,147000000
27,69,3,25,1,10,3,4,2,3,1,5,2,1,7,2,1,1,1,280,37,9,2008,6,10,-1,1715,553,998,20000000
28,69,3,26,2,10,3,3,2,3,3,5,2,7,7,2,1,1,1,280,37,9,2008,6,10,-1,1715,553,998,20000000
31,76,5,30,2,20,2,2,2,3,1,2,1,2,2,1,1,1,1,139,37,9,2008,10,17,21,98,882,960,55000000
31,77,4,30,2,20,2,2,2,3,1,2,1,2,2,1,1,1,1,334,37,9,2009,9,7,-1,344,1572,1426,-1
41,78,5,27,1,20,2,1,2,3,1,2,1,2,2,1,1,1,1,814,37,9,2009,1,8,12,1241,195,1302,130000000
41,79,3,27,1,20,2,3,2,3,3,2,2,7,7,1,1,2,1,178,37,9,2010,10,12,18,1121,1629,1820,68000000
37,47,4,26,1,10,3,4,1,3,2,2,2,2,4,2,1,1,1,135,37,9,2010,1,17,19,1169,1088,997,160000000
48,92,3,28,1,20,2,2,2,3,3,2,3,7,7,3,1,2,1,798,37,9,2009,8,21,-1,1437,589,1906,25000000
25,66,4,27,1,20,2,2,2,3,1,2,2,2,4,3,2,1,1,666,37,9,2010,1,3,8,437,1795,1374,20000000
49,47,5,28,2,3,5,3,2,2,2,2,3,2,4,1,1,1,1,135,37,9,2010,1,17,19,1169,1088,997,160000000
49,93,3,28,2,3,5,4,2,3,1,5,2,6,5,3,2,2,1,15,37,9,2010,10,17,21,357,1180,1037,4500000
49,51,4,28,2,3,5,4,2,3,1,5,7,7,7,2,1,1,2,313,37,9,2005,1,19,21,749,1416,1778,54000000
49,81,5,28,2,3,5,2,2,3,1,2,1,4,4,1,1,1,2,141,36,9,2006,6,10,13,115,1744,751,10000000
49,82,5,28,2,3,5,2,2,3,1,2,7,7,2,2,1,1,2,708,36,9,2007,6,10,13,290,657,385,55000000
49,83,3,28,2,3,5,3,1,2,2,1,3,4,4,2,1,1,1,650,37,9,2010,1,3,10,1659,290,1303,200000000
49,84,5,28,2,3,5,3,2,3,1,2,1,1,1,1,1,1,2,755,37,9,1998,1,10,22,926,1715,20,52000000
49,85,4,28,2,3,5,3,2,3,1,2,2,2,2,1,1,2,2,786,37,9,2001,1,8,21,1630,223,296,92000000
50,86,2,26,2,21,2,3,1,3,2,5,6,7,7,3,2,2,1,467,13,10,2010,1,3,12,1212,672,1540,25000000
50,85,3,26,2,21,2,4,2,3,1,5,1,7,3,3,2,2,2,786,37,9,2001,1,8,21,1630,223,296,92000000
50,87,2,26,2,21,2,3,2,3,1,5,1,7,5,2,2,2,1,616,37,9,2004,8,10,17,136,1684,90,50000000
21,88,3,28,1,10,3,3,1,3,1,5,2,2,2,1,1,2,1,168,37,9,2005,7,-1,-1,1383,1133,1861,-1
157,73,3,27,1,10,3,3,2,3,1,2,2,2,2,1,1,2,2,46,37,9,2005,7,18,-1,1957,589,1100,70000000
157,89,4,27,1,10,3,3,2,3,1,2,2,7,7,2,1,2,2,355,37,9,2004,1,3,10,1919,1476,1998,78000000
157,90,3,27,1,10,3,3,1,3,1,2,1,7,7,1,1,2,1,401,37,9,2002,17,21,-1,982,1790,1534,-1
157,91,4,27,1,10,3,3,1,3,1,2,1,1,7,1,1,2,2,53,37,9,2004,1,3,13,385,1076,769,90000000
48,94,4,28,1,20,2,4,1,3,3,5,3,2,1,2,1,1,1,356,37,9,2009,10,6,15,833,1622,295,60000000
35,66,5,30,1,10,3,4,2,3,1,2,1,4,4,1,1,1,1,666,37,9,2010,1,3,8,437,1795,1374,20000000
21,58,3,28,1,10,3,3,1,3,1,5,1,1,3,2,1,1,1,355,36,9,2010,10,14,21,175,121,558,150000000
42,95,4,28,1,20,2,3,1,3,3,2,2,1,4,1,1,2,1,106,37,9,2009,10,13,21,1863,1091,190,90000000
42,96,3,28,1,20,2,3,1,3,3,2,2,2,2,2,1,1,1,658,7,9,2009,7,14,15,1240,762,60,-1
50,97,4,26,2,21,2,4,1,3,1,5,1,1,1,1,2,2,2,17,37,9,2003,10,8,21,1103,1058,1146,50000000
26,95,4,-1,2,3,5,4,1,3,1,2,2,1,7,2,1,1,1,106,37,9,2009,10,13,21,1863,1091,190,90000000
41,98,3,27,1,20,2,3,1,3,3,2,2,4,4,1,1,1,1,524,37,9,2004,10,18,12,925,1058,1113,20000000
52,99,4,28,2,15,2,1,2,3,1,2,2,2,2,1,1,1,1,396,37,9,2010,1,3,19,1622,699,497,190000000
53,100,5,28,2,20,2,4,1,3,1,5,2,1,1,2,1,1,1,559,36,9,1973,10,14,17,1025,503,737,1500000
53,101,3,28,2,20,2,3,1,3,2,5,2,2,6,2,1,1,1,27,37,9,2010,7,14,21,543,17,909,24000000
53,102,4,28,2,20,2,2,1,3,1,5,1,2,2,2,1,1,1,815,39,26,1986,10,-1,-1,1394,1387,1522,-1
37,103,3,26,1,10,3,3,2,3,1,5,2,7,7,3,1,1,1,154,31,25,2009,1,10,-1,1220,33,128,3500000
49,104,3,28,2,3,5,3,1,3,1,5,7,7,7,2,1,1,1,565,37,9,2010,1,3,19,20,1151,1887,40000000
53,105,3,28,2,20,2,4,1,3,1,5,1,7,1,2,1,1,1,665,37,9,1980,10,-1,-1,503,1290,1856,6000000
21,106,4,28,1,10,3,3,1,3,1,1,2,4,4,1,1,2,1,7,37,9,2005,10,17,-1,680,626,357,1600000
42,65,5,28,1,20,2,3,1,3,3,2,2,2,2,1,1,2,1,556,37,9,2010,7,-1,-1,979,1658,542,40000000
33,106,5,26,2,10,3,3,1,3,1,1,2,4,4,3,1,2,1,7,37,9,2005,10,17,-1,680,626,357,1600000
50,107,1,26,2,21,2,4,2,3,1,5,5,7,2,2,1,2,1,568,37,9,2005,7,12,18,1439,1953,1742,85000000
54,108,2,27,1,20,2,4,2,3,1,2,1,2,4,1,2,1,1,741,37,9,2008,1,3,21,710,1740,290,185000000
54,109,4,27,1,20,2,3,1,3,1,2,1,2,7,1,2,1,1,603,37,9,2009,7,8,-1,370,1404,1964,20000000
21,110,4,28,1,10,3,2,2,3,1,1,7,2,2,1,2,2,2,669,37,9,1992,7,12,-1,684,1331,251,55000000
31,110,4,30,2,20,2,2,2,3,3,1,7,2,2,1,1,2,2,669,37,9,1992,7,12,-1,684,1331,251,55000000
27,111,4,25,1,10,3,4,2,3,2,5,6,2,2,1,1,1,1,780,18,9,2009,4,3,12,231,591,348,6500000
54,112,3,27,1,20,2,3,2,3,1,1,1,2,2,1,1,1,1,741,37,9,1984,1,3,-1,710,1054,985,28170000
21,113,4,28,1,10,3,3,2,3,1,1,7,4,7,1,1,2,1,102,37,9,2007,8,17,21,1098,470,421,20000000
31,113,3,30,2,20,2,3,2,3,3,1,7,6,3,1,1,2,1,102,37,9,2007,8,17,21,1098,470,421,20000000
24,114,3,26,1,10,3,3,2,3,1,1,1,7,7,2,1,1,2,397,37,9,2004,1,3,17,1437,716,978,100000000
35,114,2,30,1,10,3,3,2,3,1,1,1,7,7,3,1,2,1,397,37,9,2004,1,3,17,1437,716,978,100000000
55,115,4,28,2,20,2,4,2,3,1,5,2,6,6,2,1,1,1,550,37,9,2009,1,10,19,1731,849,450,30000000
35,116,3,30,1,10,3,4,2,3,1,1,1,2,7,3,1,2,2,142,37,9,2007,1,19,21,1794,1588,961,40000000
50,117,5,26,2,21,2,4,2,3,1,5,7,1,1,3,1,1,1,812,21,15,2008,10,15,-1,1293,1668,1893,-1
50,118,5,26,2,21,2,4,2,3,1,1,1,2,2,2,1,1,2,469,37,9,1990,10,18,-1,1800,828,845,-1
50,119,2,26,2,21,2,4,3,3,1,1,7,5,5,1,2,1,1,589,23,8,2007,10,21,22,271,1720,1836,21000000
35,120,5,30,1,10,3,3,2,3,1,1,1,2,2,2,1,1,2,360,37,9,1983,1,8,21,1649,1240,1944,-1
56,107,3,28,2,20,2,4,2,3,1,5,1,7,7,1,1,1,1,568,37,9,2005,7,12,18,1439,1953,1742,85000000
25,121,2,27,1,20,2,2,2,3,1,1,1,6,3,2,1,1,1,472,21,15,2008,4,1,19,1507,69,1142,-1
21,122,5,28,1,10,3,2,2,3,1,5,2,2,7,1,1,1,1,705,37,9,2009,4,3,12,541,948,891,30000000
21,123,3,28,1,10,3,4,2,3,1,5,7,2,4,1,1,2,1,782,37,9,2007,8,10,21,660,1874,1848,25000000
31,123,4,30,2,20,2,4,2,3,3,5,7,2,2,1,1,2,1,782,37,9,2007,8,10,21,660,1874,1848,25000000
55,124,3,28,2,20,2,1,2,4,1,5,2,7,4,2,1,2,1,274,37,9,2007,7,-1,-1,979,1344,366,20000000
21,125,4,28,1,10,3,2,2,3,1,1,2,2,2,1,1,2,1,104,37,9,2000,7,10,15,699,745,1503,16000000
48,109,4,28,1,20,2,4,2,3,3,5,3,4,4,1,2,1,1,603,37,9,2009,7,8,-1,370,1404,1964,20000000
25,126,4,27,1,20,2,3,1,3,1,5,1,1,1,1,1,2,1,97,28,24,2003,10,7,-1,228,1813,764,-1
25,99,1,27,1,20,2,3,2,3,1,5,2,6,6,3,1,1,1,396,37,9,2010,1,3,19,1622,699,497,190000000
57,127,2,28,1,20,2,4,2,3,3,5,3,7,7,2,1,1,1,325,31,25,2009,14,21,-1,1244,987,1480,-1
57,38,5,28,1,20,2,4,2,3,1,5,2,2,2,1,1,1,1,65,36,9,2010,9,7,-1,1833,154,1738,-1
57,109,4,28,1,20,2,4,2,3,1,5,3,7,2,1,1,1,1,603,37,9,2009,7,8,-1,370,1404,1964,20000000
33,113,3,26,2,10,3,3,2,3,1,1,3,4,4,2,1,2,1,102,37,9,2007,8,17,21,1098,470,421,20000000
33,122,4,26,2,10,3,2,2,3,1,1,2,2,2,2,1,1,1,705,37,9,2009,4,3,12,541,948,891,30000000
33,125,2,26,2,10,3,2,2,3,1,1,2,7,7,1,1,2,1,104,37,9,2000,7,10,15,699,745,1503,16000000
26,128,5,-1,2,3,5,4,2,3,1,5,2,1,7,2,1,1,1,806,15,4,2009,1,6,10,507,1753,1231,11700000
42,128,5,28,1,20,2,3,2,3,3,5,2,2,2,3,1,1,1,806,15,4,2009,1,6,10,507,1753,1231,11700000
42,99,2,28,1,20,2,3,1,3,3,5,1,7,7,1,1,1,1,396,37,9,2010,1,3,19,1622,699,497,190000000
48,127,3,28,1,20,2,3,1,3,3,5,3,7,4,1,1,1,1,325,31,25,2009,14,21,-1,1244,987,1480,-1
25,102,3,27,1,20,2,3,1,3,1,1,2,1,1,1,1,1,1,815,39,26,1986,10,-1,-1,1394,1387,1522,-1
24,129,4,26,1,10,3,3,1,3,1,2,1,7,7,2,1,1,2,503,37,9,1998,1,3,19,251,165,193,140000000
55,130,4,28,2,20,2,4,2,3,1,5,1,4,4,2,1,1,2,181,36,9,2009,1,3,12,426,1657,568,250000000
28,111,3,26,2,10,3,3,1,3,2,5,2,7,2,2,1,1,1,780,18,9,2009,4,3,12,231,591,348,6500000
21,129,4,28,1,10,3,3,1,3,1,5,2,2,3,1,1,2,2,503,37,9,1998,1,3,19,251,165,193,140000000
50,131,5,26,2,21,2,3,1,3,1,5,7,1,2,1,1,2,1,297,9,5,2006,9,-1,-1,-1,-1,-1,100000
48,104,4,28,1,20,2,3,1,3,3,5,3,7,2,1,1,2,1,565,37,9,2010,1,3,19,20,1151,1887,40000000
50,132,4,26,2,21,2,3,1,3,1,2,1,2,3,2,1,1,1,145,37,9,1994,1,3,8,1331,1097,456,45000000
42,133,3,28,1,20,2,4,1,3,3,2,2,7,4,2,1,1,1,646,36,9,1990,14,19,-1,519,1768,762,1500000
56,134,2,28,2,20,2,3,1,3,1,2,2,5,5,2,1,2,1,567,37,9,2010,10,7,-1,172,694,1596,5372848
55,135,4,28,2,20,2,1,1,3,1,5,1,6,6,2,1,1,1,624,37,9,2009,10,21,22,223,358,1348,70000000
59,136,1,27,1,20,2,3,1,1,1,5,1,7,7,2,1,1,1,200,21,9,2010,1,3,10,973,1086,287,35000000
41,137,3,27,1,20,2,3,1,3,3,5,2,7,7,1,1,1,1,749,37,9,2010,1,3,8,881,1994,335,25000000
21,104,3,28,1,10,3,2,1,3,1,5,1,7,7,1,1,1,1,565,37,9,2010,1,3,19,20,1151,1887,40000000
59,138,3,27,1,20,2,3,1,3,1,5,1,1,3,3,1,1,1,490,37,9,2010,10,17,21,1169,169,1265,80000000
21,139,4,28,1,10,3,3,1,3,1,5,1,2,5,2,1,2,2,139,37,9,1985,1,23,-1,384,1357,284,6900000
21,99,5,28,1,10,3,3,2,3,1,5,1,2,2,1,1,1,1,396,37,9,2010,1,3,19,1622,699,497,190000000
59,179,2,27,1,20,2,4,1,3,1,1,1,7,7,2,1,1,2,48,37,9,2003,1,19,-1,574,891,1675,137000000
25,68,3,27,1,20,2,1,3,3,1,1,1,2,2,2,2,1,1,9,37,9,2010,1,7,8,1953,1267,589,100000000
25,140,3,27,1,20,2,1,2,3,1,1,1,2,2,1,2,2,1,726,37,9,2004,4,3,7,1871,188,508,30000000
42,141,5,28,1,20,2,4,2,3,3,5,2,2,4,2,1,1,1,287,37,9,2009,4,3,12,414,1826,897,60000000
42,38,5,28,1,20,2,3,2,3,3,5,2,4,4,2,1,1,1,65,36,9,2010,9,7,-1,1833,154,1738,-1
60,142,4,-1,2,3,5,3,2,3,1,1,1,7,7,1,1,2,2,248,37,9,2009,1,12,19,747,1181,435,150000000
21,66,3,28,1,10,3,2,2,3,1,5,1,7,2,2,2,1,1,666,37,9,2010,1,3,8,437,1795,1374,20000000
50,131,5,26,2,21,2,3,2,3,1,5,2,1,2,1,1,1,2,297,9,5,2006,9,-1,-1,-1,-1,-1,100000
50,39,3,26,2,21,2,4,2,3,1,5,2,7,7,1,1,1,1,756,36,9,2009,3,12,17,719,368,1914,18000000
27,143,4,25,1,10,3,4,2,3,1,1,2,7,2,2,1,1,1,551,4,3,2006,7,-1,-1,142,38,708,-1
48,144,4,28,1,20,2,4,3,3,3,5,3,7,4,1,1,2,1,130,37,9,2009,14,17,21,1592,937,755,27000000
25,145,4,27,1,20,2,3,2,3,1,1,2,2,2,1,2,1,1,370,11,7,1970,7,-1,-1,1466,146,117,-1
25,83,3,27,1,20,2,1,2,3,1,1,1,7,7,1,2,1,1,650,37,9,2010,1,3,10,1659,290,1303,200000000
42,146,4,28,1,20,2,3,2,3,3,5,2,2,2,1,1,1,1,348,37,9,2010,1,10,23,998,960,1319,47000000
25,147,4,27,1,20,2,2,2,3,1,1,1,2,2,1,2,1,1,111,22,25,2008,7,10,20,639,490,695,-1
25,155,3,27,1,20,2,2,2,3,1,1,2,2,4,1,2,1,1,278,37,9,2007,3,7,10,817,1745,448,6000000
25,148,4,27,1,20,2,3,2,3,1,1,2,4,4,1,2,1,1,363,37,9,1988,1,14,19,1638,1078,1317,3000000
35,149,5,30,1,10,3,3,2,3,1,1,1,2,2,1,1,1,2,650,37,9,1982,10,19,21,710,1660,1716,28000000
55,150,5,28,2,20,2,2,2,3,1,1,2,2,4,2,1,2,2,106,37,9,2000,1,19,21,1495,747,704,75000000
55,151,5,28,2,20,2,4,2,3,1,5,1,1,4,2,1,1,2,106,37,9,2003,1,19,21,1495,747,753,110000000
55,152,5,28,2,20,2,1,2,3,1,5,2,2,4,2,1,1,2,99,37,9,2006,1,19,21,747,704,753,210000000
55,156,4,28,2,20,2,4,2,3,1,1,1,2,1,2,1,1,1,521,37,9,2008,7,10,18,1696,1108,1123,65000000
55,157,3,28,2,20,2,4,2,3,1,1,1,2,4,2,1,1,1,521,37,9,2010,7,10,18,1696,1108,1123,100000000
59,153,3,27,1,20,2,4,2,1,1,1,1,7,7,1,1,1,2,535,37,9,2006,3,7,12,1227,1314,462,3000000
21,154,2,28,1,10,3,2,2,3,1,5,1,7,7,2,2,2,1,614,37,9,2005,7,10,-1,80,552,41,1000000
21,142,3,28,1,10,3,3,2,3,1,5,1,7,5,2,2,1,1,248,37,9,2009,1,12,19,747,1181,435,150000000
57,67,3,28,1,20,2,4,2,3,1,5,3,7,2,1,1,2,1,497,36,9,2010,1,8,21,6,366,1437,28000000
57,54,2,28,1,20,2,4,2,3,1,5,3,4,4,3,1,1,1,560,11,9,2009,1,3,-1,1233,835,644,10000000
61,47,5,28,1,20,2,3,1,3,2,2,2,2,7,1,1,1,1,135,37,9,2010,1,17,19,1169,1088,997,160000000
26,146,3,-1,2,3,5,3,2,3,1,5,2,2,7,2,1,1,1,348,37,9,2010,1,10,23,998,960,1319,47000000
50,158,3,26,2,21,2,4,2,3,1,1,2,2,2,1,1,1,1,169,37,9,2008,7,12,18,1611,1822,691,20000000
35,13,3,30,1,10,3,2,1,3,1,1,1,5,7,1,1,1,1,590,37,9,2010,1,14,19,1382,57,1109,60000000
54,159,4,27,1,20,2,3,1,3,1,1,2,7,4,1,1,1,1,138,37,9,2008,7,10,-1,1679,105,1084,3400000
50,159,3,26,2,21,2,3,1,3,3,1,2,4,2,1,1,1,1,138,37,9,2008,7,10,-1,1679,105,1084,3400000
35,160,2,30,1,10,3,3,1,3,1,1,1,5,5,2,1,2,2,680,37,9,2004,1,3,21,475,807,571,125000000
61,161,5,28,1,20,2,2,1,3,2,1,1,2,2,1,1,1,2,262,13,10,1902,3,12,19,665,1917,204,10000
61,3,4,28,1,20,2,2,1,2,1,1,1,2,2,2,1,1,1,246,37,9,2010,7,10,18,74,334,1910,30000000
21,162,4,28,1,10,3,3,1,3,1,5,1,2,2,2,2,1,1,763,36,9,2005,4,12,18,969,728,561,40000000
61,163,2,28,1,20,2,3,1,2,1,1,1,7,2,1,1,1,1,625,39,23,2001,7,-1,-1,221,1722,1449,-1
26,141,5,-1,2,3,5,3,1,3,1,5,2,2,7,1,1,1,1,287,37,9,2009,4,3,12,414,1826,897,60000000
26,164,5,-1,2,3,5,4,1,4,1,4,1,2,2,1,1,1,1,810,37,9,2009,7,18,-1,1139,592,732,15000000
26,47,3,-1,2,3,5,2,2,3,1,2,1,7,7,2,1,1,1,135,37,9,2010,1,17,19,1169,1088,997,160000000
26,63,5,-1,2,3,5,3,1,3,1,2,2,7,2,2,1,1,1,321,37,9,2007,9,15,-1,600,1815,969,-1
26,65,4,-1,2,3,5,3,2,3,1,5,2,2,2,2,1,1,1,556,37,9,2010,7,-1,-1,979,1658,542,40000000
26,53,4,-1,2,3,5,3,2,2,1,1,2,2,2,2,1,2,1,527,37,9,2010,7,10,18,1344,1545,870,18000000
26,77,4,-1,2,3,5,4,1,2,1,2,2,2,2,2,1,1,1,334,37,9,2009,9,7,-1,344,1572,1426,-1
26,165,5,-1,2,3,5,4,2,3,1,5,1,7,4,1,1,1,1,393,8,17,2008,1,3,10,1884,1808,1988,80000000
26,26,4,-1,2,3,5,3,2,3,1,5,2,7,7,2,1,1,1,199,36,9,2009,19,17,10,1679,1103,495,5000000
26,38,3,-1,2,3,5,3,1,3,1,5,2,6,7,2,1,1,1,65,36,9,2010,9,7,-1,1833,154,1738,-1
27,166,3,25,1,10,3,2,1,3,1,5,2,7,7,1,1,1,1,126,37,9,2010,4,3,7,862,667,366,165000000
28,166,3,26,2,10,3,2,1,3,3,5,2,2,3,1,1,1,1,126,37,9,2010,4,3,7,862,667,366,165000000
28,143,3,26,2,10,3,3,2,3,3,5,2,2,2,1,1,1,1,551,4,3,2006,7,-1,-1,142,38,708,-1
35,101,2,30,1,10,3,2,1,3,1,5,1,5,6,1,1,1,1,27,37,9,2010,7,14,21,543,17,909,24000000
56,167,4,28,2,20,2,4,1,3,1,5,1,7,7,2,1,1,1,208,37,9,2004,10,17,19,139,82,1330,13000000
62,47,5,28,1,20,2,3,1,2,2,1,2,4,4,1,1,1,1,135,37,9,2010,1,17,19,1169,1088,997,160000000
63,168,3,30,2,2,4,4,2,3,1,1,2,2,7,3,1,1,1,694,37,9,2010,7,18,-1,1548,395,1320,-1
63,169,3,30,2,2,4,4,1,3,1,5,2,6,7,2,1,1,1,742,37,9,2009,14,21,-1,237,1156,1653,12500000
63,83,4,30,2,2,4,3,2,3,1,1,2,6,2,1,1,1,1,650,37,9,2010,1,3,10,1659,290,1303,200000000
27,170,2,25,1,10,3,4,1,3,1,5,2,7,7,2,1,1,1,51,37,9,2009,7,10,18,1688,1667,1288,40000000
28,170,2,26,2,10,3,3,1,3,3,5,2,2,2,1,1,1,1,51,37,9,2009,7,10,18,1688,1667,1288,40000000
35,42,3,30,1,10,3,4,1,3,1,5,1,7,2,3,1,1,1,354,37,9,2010,1,3,21,1180,224,1552,110000000
43,171,5,25,2,3,5,4,1,3,1,5,1,7,2,1,1,1,1,207,19,2,2008,10,-1,-1,735,58,1641,-1
64,172,5,24,2,3,5,3,3,3,1,5,1,2,2,1,1,1,1,763,37,9,2010,3,11,12,1335,969,728,170000000
33,173,4,26,2,10,3,2,2,3,1,2,2,2,2,2,1,1,1,687,25,19,2009,7,10,-1,83,353,1132,-1
31,138,4,30,2,20,2,2,2,3,1,2,1,3,3,1,1,1,1,490,37,9,2010,10,17,21,1169,169,1265,80000000
61,65,4,28,1,20,2,4,2,3,1,1,2,2,2,1,1,2,1,556,37,9,2010,7,-1,-1,979,1658,542,40000000
31,174,4,30,2,20,2,2,2,3,1,2,1,2,2,1,1,1,1,786,37,9,2009,1,8,21,476,965,1219,100000000
31,175,5,30,2,20,2,2,2,3,1,2,1,2,2,1,1,1,1,649,37,9,2009,7,12,18,1611,893,979,18500000
21,83,5,28,1,10,3,3,2,3,1,5,1,7,5,1,1,1,1,650,37,9,2010,1,3,10,1659,290,1303,200000000
21,176,3,28,1,10,3,2,2,3,1,2,2,7,2,2,1,2,1,544,37,9,2008,7,14,21,911,702,954,2000000
21,177,4,28,1,10,3,4,2,3,1,2,1,2,7,3,1,2,1,796,37,9,1979,1,3,21,1340,826,467,-1
21,173,3,28,1,10,3,2,2,3,1,2,2,7,7,2,1,2,1,687,25,19,2009,7,10,-1,83,353,1132,-1
27,178,3,25,1,10,3,2,2,3,1,5,1,1,2,2,1,1,1,453,37,9,2010,4,3,7,1866,1849,932,200000000
31,183,3,30,2,20,2,1,2,3,1,5,1,4,7,2,1,2,2,-1,36,9,2009,8,17,-1,457,534,155,-1
42,180,5,28,1,20,2,3,2,3,3,2,2,1,2,1,1,1,1,762,37,9,2009,7,8,10,531,1602,1800,9000000
42,181,5,28,1,20,2,3,1,3,3,5,2,2,2,1,1,1,2,442,9,5,1970,7,10,16,621,1397,1589,-1
42,182,4,28,1,20,2,3,1,3,3,5,2,2,2,2,1,2,2,71,37,9,2001,7,-1,-1,172,1483,1953,28000000
42,165,5,28,1,20,2,3,1,3,3,5,2,2,2,2,1,2,1,393,8,17,2008,1,3,10,1884,1808,1988,80000000
42,78,5,28,1,20,2,3,1,3,3,5,2,1,2,2,1,1,2,814,37,9,2009,1,8,12,1241,195,1302,130000000
33,184,1,26,2,10,3,3,1,3,1,5,2,7,7,1,1,1,1,538,37,9,2010,1,3,12,807,169,649,170000000
31,185,4,30,2,20,2,2,1,3,2,5,4,2,1,1,1,2,1,219,20,14,2001,10,18,-1,1251,1770,1723,-1
21,184,2,28,1,10,3,3,1,3,1,5,2,7,7,1,1,1,1,538,37,9,2010,1,3,12,807,169,649,170000000
33,176,5,26,2,10,3,3,2,3,1,2,2,2,4,1,1,2,1,544,37,9,2008,7,14,21,911,702,954,2000000
27,186,5,25,1,10,3,4,1,3,1,2,1,2,2,1,1,1,1,799,37,9,2007,3,7,10,1483,20,856,17500000
91,187,2,28,2,20,2,3,1,3,1,2,1,7,1,2,2,1,1,628,9,5,2010,7,10,-1,1379,213,1125,-1
43,188,3,25,2,3,5,3,1,3,1,1,1,7,7,1,1,1,1,459,37,9,2002,10,15,-1,610,349,1052,-1
56,189,4,28,2,20,2,3,1,3,1,2,2,2,2,1,1,1,2,590,37,9,2004,1,19,21,1685,1137,1567,60000000
55,190,4,28,2,20,2,4,1,3,1,2,1,4,4,2,1,1,2,728,37,9,1998,1,3,12,1947,1774,1119,45000000
55,191,5,28,2,20,2,4,1,3,1,2,1,7,6,2,1,1,2,279,37,9,2002,1,3,12,1947,1119,1640,54000000
55,192,4,28,2,20,2,4,1,3,1,2,1,7,7,2,1,1,1,176,37,9,2004,1,3,12,1947,917,1667,65000000
55,193,4,28,2,20,2,1,1,3,1,2,1,4,4,2,1,1,1,114,37,9,2008,10,12,18,1121,1629,194,37000000
55,194,4,28,2,20,2,1,1,3,1,5,1,4,2,2,1,1,1,129,37,9,2009,10,12,18,1121,1629,1820,50000000
55,79,4,28,2,20,2,4,1,3,1,5,1,1,4,2,1,1,1,178,37,9,2010,10,12,18,1121,1629,1820,68000000
55,195,5,28,2,20,2,4,1,3,1,5,2,1,4,2,1,1,2,763,37,9,1990,10,12,18,969,1972,486,20000000
50,196,5,26,2,21,2,3,1,3,1,2,2,2,2,1,1,1,1,112,37,9,2009,4,1,3,1576,1548,472,90000000
60,136,3,-1,2,3,5,3,1,3,1,2,2,7,2,2,1,1,1,200,21,9,2010,1,3,10,973,1086,287,35000000
60,86,4,-1,2,3,5,2,1,3,2,2,3,2,2,2,1,1,1,467,13,10,2010,1,3,12,1212,672,1540,25000000
48,197,5,28,1,20,2,4,1,3,3,5,3,2,2,1,1,1,1,378,37,9,2009,6,10,20,1688,1551,1852,29000000
71,198,3,-1,2,20,2,4,1,3,1,2,1,7,4,1,1,1,1,663,37,9,2010,1,7,18,1060,139,1872,75000000
71,199,1,-1,2,20,2,3,2,3,2,2,3,1,5,2,1,2,1,691,37,9,2010,10,18,-1,1019,195,817,60000000
72,200,5,34,2,20,2,2,1,3,2,5,4,1,1,2,2,1,1,217,14,11,2010,10,-1,-1,1743,1454,478,-1
72,201,5,34,2,20,2,3,1,3,2,5,2,2,7,2,2,2,1,184,37,9,2010,10,17,21,895,953,1150,2000000
63,202,2,30,2,2,4,4,2,3,1,5,2,6,6,3,1,2,1,587,37,9,2010,10,21,-1,20,607,1234,21800000
73,203,3,27,2,20,2,3,1,3,1,5,3,2,4,2,1,1,1,323,37,9,2007,7,10,-1,549,1344,893,6500000
25,204,4,27,1,20,2,3,1,3,1,5,2,1,5,3,1,2,1,12,4,3,1997,10,22,-1,1408,66,67,-1
75,205,3,63,2,20,2,3,2,3,1,5,1,7,7,2,1,1,1,286,37,9,2006,1,3,22,1260,1832,879,-1
75,206,5,63,2,20,2,1,2,3,1,1,1,2,4,1,1,1,1,62,36,9,2010,10,17,8,457,1278,1112,-1
75,207,5,63,2,20,2,3,2,3,1,1,1,2,3,1,1,1,2,526,37,9,1992,18,10,21,1098,1949,643,25000000
75,208,3,63,2,20,2,3,2,3,1,5,1,2,5,1,1,1,1,113,37,9,2006,7,18,-1,1042,1225,382,-1
75,209,4,63,2,20,2,4,2,3,1,5,1,2,2,1,1,1,2,196,37,9,2000,1,7,8,1688,1343,176,45000000
75,183,5,63,2,20,2,1,2,3,1,5,1,1,4,1,1,1,1,-1,36,9,2009,8,17,-1,457,534,155,-1
48,68,4,28,1,20,2,4,2,3,3,1,3,7,2,1,1,2,1,9,37,9,2010,1,7,8,1953,1267,589,100000000
27,210,3,25,1,10,3,-1,2,3,3,5,2,7,4,2,2,1,1,558,36,9,2005,4,3,7,1531,1565,728,30000000
35,61,2,30,1,10,3,2,2,3,1,1,1,7,6,1,1,1,1,792,7,9,2009,10,19,21,20,1697,469,30000000
50,38,5,26,2,21,2,2,2,3,2,1,6,2,2,1,1,2,1,65,36,9,2010,9,7,-1,1833,154,1738,-1
54,38,5,27,1,20,2,2,2,3,2,1,6,2,2,1,1,1,1,65,36,9,2010,9,7,-1,1833,154,1738,-1
31,211,4,30,2,20,2,4,2,3,1,5,1,2,2,1,1,1,1,615,37,9,2009,7,-1,-1,1688,224,1838,15000000
31,212,4,30,2,20,2,2,2,3,1,5,1,2,6,1,1,1,1,307,37,9,2009,1,3,12,1680,1994,1776,240000000
61,213,3,28,1,20,2,3,2,3,2,5,2,7,7,1,1,1,1,73,13,10,2010,7,10,-1,668,1978,776,2000000
15,214,3,30,1,10,3,3,2,3,1,5,2,3,3,2,1,2,1,493,37,9,2003,14,21,17,704,1622,309,40000000
15,215,2,30,1,10,3,2,2,3,1,2,2,3,3,2,1,2,1,98,37,9,2010,1,14,17,1857,1562,939,20000000
15,216,4,30,1,10,3,3,1,3,1,5,2,2,2,1,1,2,1,158,37,9,2003,7,-1,-1,172,513,535,40000000
55,217,5,28,2,20,2,3,2,3,1,1,2,6,6,2,1,1,1,763,36,9,2007,10,16,21,969,728,27,50000000
55,218,4,28,2,20,2,1,1,3,1,5,1,7,4,2,1,1,2,270,37,9,2003,1,3,12,969,1478,1076,140000000
35,220,5,30,1,10,3,3,1,3,1,2,1,2,2,2,1,2,2,23,37,9,2004,1,17,19,1957,239,246,120000000
55,219,5,28,2,20,2,1,1,3,1,5,1,4,4,2,1,1,1,270,37,9,2006,1,3,12,969,1478,1076,225000000
21,220,4,28,1,10,3,4,1,3,1,2,1,2,2,1,1,2,2,23,37,9,2004,1,17,19,1957,239,246,120000000
35,221,3,30,1,10,3,4,1,3,1,2,1,4,3,1,1,2,2,160,7,9,2005,14,17,21,506,627,682,4000000
73,222,2,27,2,20,2,3,2,3,1,2,3,3,6,2,1,1,2,27,37,9,2006,14,21,-1,7,1061,1930,15000000
55,223,5,28,2,20,2,1,1,3,1,2,1,1,4,2,1,1,1,270,37,9,2007,1,3,12,969,1478,1076,300000000
27,224,3,25,1,10,3,3,1,3,3,5,2,1,7,2,1,1,1,740,31,25,2008,6,10,13,175,626,289,58000000
28,224,3,26,2,10,3,3,1,3,1,1,2,7,7,1,1,1,1,740,31,25,2008,6,10,13,175,626,289,58000000
35,225,4,30,1,10,3,3,1,3,1,5,1,2,2,1,1,2,2,99,37,9,2000,7,10,18,1437,1822,497,60000000
21,226,5,28,1,10,3,4,1,3,1,5,1,2,5,1,1,1,2,606,37,9,2002,1,3,12,541,1919,756,94000000
61,124,4,28,1,20,2,3,1,3,1,5,2,7,2,1,1,1,1,274,37,9,2007,7,-1,-1,979,1344,366,20000000
20,226,4,30,1,10,3,3,1,3,1,5,7,7,7,1,1,1,2,606,37,9,2002,1,3,12,541,1919,756,94000000
35,227,2,30,1,10,3,4,1,3,1,5,1,7,6,2,1,2,2,160,7,9,2006,8,14,21,1859,1736,100,10000000
15,228,4,30,1,10,3,3,1,3,1,5,2,7,4,2,1,2,1,542,37,9,2009,8,21,-1,127,1404,1562,25000000
15,229,2,30,1,10,3,3,1,3,1,1,2,6,6,2,1,1,1,253,37,9,2002,6,7,8,1679,513,660,30000000
21,230,5,28,1,10,3,4,1,3,1,1,1,2,5,1,1,1,2,606,37,9,2003,1,3,12,541,1919,753,94000000
43,231,5,25,2,3,5,3,1,3,1,5,1,4,7,1,1,1,2,593,31,25,2009,10,18,21,1519,203,1199,18000000
35,232,2,30,1,10,3,4,1,3,1,1,1,5,6,2,1,2,2,160,7,9,2007,8,14,21,1859,400,1704,10000000
79,99,4,29,2,19,2,3,1,3,1,1,2,7,3,2,1,2,1,396,37,9,2010,1,3,19,1622,699,497,190000000
79,233,4,29,2,19,2,3,1,3,1,5,2,4,3,2,1,2,1,347,37,9,2009,8,10,17,771,189,1848,-1
79,234,5,29,2,19,2,3,1,3,1,5,2,1,2,2,1,2,1,524,13,9,2006,7,10,12,639,316,25,6000000
15,235,3,30,1,10,3,3,1,3,1,1,2,7,7,2,1,2,1,506,37,9,2001,10,17,18,127,98,1840,26000000
82,199,5,22,2,10,3,3,2,3,2,5,3,2,2,1,1,2,1,691,37,9,2010,10,18,-1,1019,195,817,60000000
83,236,5,21,1,10,3,3,2,4,1,5,1,2,6,1,1,1,1,569,37,9,2000,6,10,20,476,1916,1928,50000000
15,237,5,30,1,10,3,2,1,3,1,1,2,2,2,1,1,2,1,804,7,9,2010,1,7,23,1504,1744,517,10000000
15,166,4,30,1,10,3,3,1,3,1,1,2,2,2,1,1,1,1,126,37,9,2010,4,3,7,862,667,366,165000000
39,66,4,30,1,20,2,3,2,3,2,1,6,2,2,1,1,1,1,666,37,9,2010,1,3,8,437,1795,1374,20000000
85,111,5,30,1,7,3,2,2,2,2,1,1,2,2,1,1,1,1,780,18,9,2009,4,3,12,231,591,348,6500000
85,166,4,30,1,7,3,2,2,3,1,1,7,2,2,1,1,1,1,126,37,9,2010,4,3,7,862,667,366,165000000
27,238,2,25,1,10,3,4,2,3,1,2,2,7,7,2,1,1,1,284,6,22,2003,10,8,-1,1221,1386,782,-1
28,238,1,26,2,10,3,3,2,3,3,5,2,7,7,2,1,1,1,284,6,22,2003,10,8,-1,1221,1386,782,-1
35,239,3,30,1,10,3,4,3,3,2,2,6,7,7,1,1,2,1,172,13,10,2009,10,14,19,730,613,488,-1
35,240,4,30,1,10,3,4,3,3,2,2,6,4,7,1,1,2,1,227,13,10,2007,14,17,19,386,1921,1996,-1
43,241,5,25,2,3,5,3,3,3,1,5,1,4,7,1,1,1,1,135,37,9,2006,10,12,17,747,349,1343,40000000
35,242,4,30,1,10,3,3,3,3,1,5,1,7,7,2,1,2,2,242,37,9,2003,10,21,-1,951,651,516,60000000
59,47,4,27,1,20,2,4,3,3,1,1,1,7,7,3,1,1,1,135,37,9,2010,1,17,19,1169,1088,997,160000000
35,243,2,30,1,10,3,4,3,3,1,5,1,6,5,2,1,1,1,167,7,9,2008,8,14,21,1859,400,1704,10800000
86,220,5,22,1,13,5,3,1,3,1,5,1,7,7,2,1,1,2,23,37,9,2004,1,17,19,1957,239,246,120000000
86,244,5,22,1,13,5,4,2,4,1,5,1,7,7,2,1,1,1,47,37,9,1999,1,3,19,1073,1151,285,63000000
86,245,5,22,1,13,5,3,3,3,1,1,1,7,7,2,1,1,1,47,37,9,2003,1,3,19,1073,1151,285,130000000
86,246,5,22,1,13,5,3,2,3,1,1,1,7,7,2,1,1,1,47,37,9,2003,1,3,19,1073,1151,285,110000000
86,247,2,22,1,13,5,4,1,3,1,5,1,7,7,2,1,1,1,53,37,9,2009,1,8,10,1604,497,583,17000000
86,248,5,22,1,13,5,3,2,3,1,1,5,4,4,2,1,1,1,224,37,9,1972,8,10,21,1272,24,811,6500000
86,249,5,22,1,13,5,3,2,1,1,1,1,4,7,2,1,1,1,224,37,9,1974,8,10,21,24,1624,482,13000000
86,250,5,22,1,13,5,4,3,2,1,1,5,7,7,1,1,1,1,224,37,9,1990,8,10,21,24,90,482,54000000
21,251,2,28,1,10,3,4,2,3,1,5,1,7,7,1,1,2,1,630,36,9,1998,1,3,10,1169,902,960,35000000
15,107,5,30,1,10,3,3,2,3,1,1,2,2,2,2,1,2,1,568,37,9,2005,7,12,18,1439,1953,1742,85000000
31,109,4,30,2,20,2,2,3,3,1,1,1,2,2,1,1,1,1,603,37,9,2009,7,8,-1,370,1404,1964,20000000
31,252,3,30,2,20,2,2,2,3,1,1,1,2,2,1,1,1,1,761,37,9,2010,7,8,-1,1849,1746,1575,-1
25,253,3,27,1,20,2,2,3,3,1,1,2,4,6,1,1,1,1,267,37,9,2010,7,10,18,925,595,1173,15000000
25,254,1,27,1,20,2,3,3,3,1,1,1,7,7,1,1,1,1,109,36,9,2008,7,18,-1,721,1334,1864,10000000
25,255,4,27,1,20,2,3,3,3,1,1,2,2,2,1,1,1,1,517,15,4,1991,3,7,10,1154,1094,1590,-1
45,114,4,25,1,6,3,2,1,3,1,2,1,2,2,2,2,1,1,397,37,9,2004,1,3,17,1437,716,978,100000000
45,3032,5,25,1,6,3,3,2,3,1,5,3,4,4,1,1,1,1,624,37,9,1994,8,10,-1,1854,73,965,8500000
45,3504,5,25,1,6,3,3,2,3,1,5,3,7,7,2,1,2,1,367,37,9,1998,1,8,21,1620,869,1419,55000000
87,3505,5,33,1,3,5,3,1,3,1,1,2,4,4,1,1,1,1,644,37,9,2007,10,19,-1,452,947,1886,200000
42,3506,3,28,1,20,2,3,1,3,3,2,2,2,7,1,1,2,1,734,37,9,2010,7,19,-1,951,1616,402,36000000
55,172,5,28,2,20,2,2,1,3,1,1,2,2,4,2,1,1,2,763,37,9,2010,3,11,12,1335,969,728,170000000
55,3507,5,28,2,20,2,2,1,3,1,1,1,4,7,2,1,2,2,763,37,9,1999,12,17,21,969,357,1396,70000000
21,3508,4,28,1,10,3,3,2,3,1,5,2,2,2,1,1,2,1,94,37,9,2004,3,7,11,925,559,1178,140000000
21,3509,2,28,1,10,3,4,2,3,1,5,1,7,7,2,1,2,1,252,7,9,2005,14,19,-1,1749,956,474,15000000
25,3510,4,27,1,20,2,4,1,3,1,1,1,2,2,1,1,1,1,165,37,9,2010,6,10,13,914,89,1040,50000000
88,3511,5,19,1,4,3,3,2,3,1,2,2,1,1,2,-1,1,2,681,13,9,2002,6,10,22,20,1841,622,35000000
88,3512,5,19,1,4,3,3,2,3,1,2,2,1,1,2,-1,1,1,665,37,9,2007,10,22,-1,1630,1331,1863,35000000
88,3191,5,19,1,4,3,3,2,3,1,2,3,4,3,1,-1,2,2,401,37,9,1991,8,21,-1,938,121,1702,-1
15,74,4,30,1,10,3,3,2,3,1,2,2,1,6,2,2,2,1,650,36,9,2005,1,3,13,1478,587,902,147000000
31,3513,2,30,2,20,2,2,2,3,1,1,1,2,2,1,1,2,1,144,7,9,2007,7,18,-1,580,1509,269,-1
31,2465,3,30,2,20,2,2,2,3,1,1,1,2,2,1,1,2,1,331,37,9,1980,10,18,12,369,838,368,-1
15,3514,3,30,1,10,3,3,2,3,1,2,2,7,7,2,2,2,1,808,37,9,2004,1,18,-1,223,574,1478,175000000
15,3515,4,30,1,10,3,2,2,3,1,5,2,2,2,2,1,1,1,765,37,9,2005,1,3,12,769,916,1345,100000000
15,3516,5,30,1,10,3,3,2,3,1,2,2,2,2,2,1,1,1,765,37,9,2007,1,3,12,769,916,1345,130000000
35,3517,2,30,1,10,3,3,2,3,1,5,1,7,6,2,1,1,1,433,7,9,2009,14,17,21,1859,400,183,11000000
33,3646,5,26,2,10,3,3,2,4,1,1,2,4,4,2,2,2,1,740,37,9,2004,8,21,-1,660,223,1297,110000000
31,3518,4,30,2,20,2,3,2,3,1,5,1,2,2,1,1,1,1,56,36,9,2009,7,-1,-1,1869,818,1389,700000
21,3646,5,28,1,10,3,4,2,4,1,5,2,2,4,1,1,2,2,740,37,9,2004,8,21,-1,660,223,1297,110000000
89,3519,4,28,1,20,2,4,1,3,2,2,3,2,4,1,1,1,1,563,27,23,2010,10,18,-1,1270,1769,515,-1
35,47,5,30,1,10,3,4,2,3,1,2,1,2,2,2,1,1,1,135,37,9,2010,1,17,19,1169,1088,997,160000000
89,65,2,28,1,20,2,4,2,3,1,1,3,2,2,1,1,1,1,556,37,9,2010,7,-1,-1,979,1658,542,40000000
89,104,3,28,1,20,2,4,3,2,2,1,2,2,2,1,1,1,1,565,37,9,2010,1,3,19,20,1151,1887,40000000
89,52,5,28,1,20,2,4,2,1,3,1,3,2,2,1,1,1,1,416,37,9,2005,1,3,19,1420,676,28,39000000
89,180,4,28,1,20,2,4,2,3,1,2,3,2,2,1,2,1,1,762,37,9,2009,7,8,10,531,1602,1800,9000000
89,212,2,28,1,20,2,3,1,4,2,4,3,5,6,1,1,1,1,307,37,9,2009,1,3,12,1680,1994,1776,240000000
20,230,4,30,1,10,3,3,1,3,1,1,7,2,2,1,1,1,2,606,37,9,2003,1,3,12,541,1919,753,94000000
25,3520,4,27,1,20,2,3,2,3,1,1,2,1,4,1,1,2,2,660,37,9,1967,1,10,22,1159,304,503,-1
25,3521,2,27,1,20,2,1,2,3,1,1,1,3,3,1,1,1,1,696,36,9,2009,1,21,-1,1619,1081,1931,6000000